"fixture_id,match_group_id,home,away"
"1,6,Sabres,Puffins"
"2,6,Hive,Aviators"
"3,6,Shadow,Pandas"
"18,6,Hawks,Ducks"
"19,6,Knights,Jets"
"20,6,Spartans,Express"
"21,6,Hurricanes,Eclipse"
"22,6,Lightning,Blizzard"
"23,6,Spectre,Demolition"
"24,6,Wizards,Comets"
"25,6,Sharks,Flames"
"26,6,Pirates,Outlaws"
"27,6,Rhinos,Bears"
"28,6,Elite,Dodgers"
"29,6,Tyrants,Bulls"
"123,6,Wolves,Foxes"
"17,16,Knights,Foxes"
"58,16,Bears,Shadow"
"153,16,Express,Sabres"
"154,16,Jets,Wolves"
"155,16,Spartans,Puffins"
"156,16,Blizzard,Hawks"
"157,16,Eclipse,Hive"
"158,16,Hurricanes,Aviators"
"159,16,Lightning,Ducks"
"160,16,Outlaws,Sharks"
"171,16,Pirates,Flames"
"172,16,Rhinos,Pandas"
"173,16,Bulls,Spectre"
"174,16,Dodgers,Wizards"
"175,16,Elite,Comets"
"176,16,Tyrants,Demolition"
"4,7,Foxes,Puffins"
"5,7,Blizzard,Eclipse"
"6,7,Bulls,Dodgers"
"30,7,Sabres,Wolves"
"31,7,Aviators,Ducks"
"32,7,Hawks,Hive"
"33,7,Express,Jets"
"34,7,Knights,Spartans"
"35,7,Hurricanes,Lightning"
"36,7,Comets,Demolition"
"37,7,Spectre,Wizards"
"38,7,Flames,Pandas"
"39,7,Shadow,Sharks"
"40,7,Bears,Outlaws"
"41,7,Pirates,Rhinos"
"42,7,Elite,Tyrants"
"7,8,Express,Knights"
"8,8,Pandas,Sharks"
"43,8,Foxes,Sabres"
"44,8,Puffins,Wolves"
"45,8,Aviators,Hawks"
"46,8,Ducks,Hive"
"47,8,Jets,Spartans"
"48,8,Blizzard,Hurricanes"
"49,8,Eclipse,Lightning"
"50,8,Comets,Spectre"
"51,8,Demolition,Wizards"
"52,8,Flames,Shadow"
"53,8,Bears,Pirates"
"54,8,Outlaws,Rhinos"
"59,8,Bulls,Elite"
"60,8,Dodgers,Tyrants"
"177,17,Foxes,Spartans"
"178,17,Puffins,Express"
"179,17,Sabres,Jets"
"180,17,Wolves,Knights"
"181,17,Aviators,Lightning"
"182,17,Ducks,Blizzard"
"183,17,Hawks,Eclipse"
"184,17,Hive,Hurricanes"
"185,17,Flames,Rhinos"
"186,17,Pandas,Bears"
"187,17,Shadow,Outlaws"
"188,17,Sharks,Pirates"
"189,17,Comets,Tyrants"
"190,17,Demolition,Bulls"
"191,17,Spectre,Dodgers"
"192,17,Wizards,Elite"
"9,9,Jets,Lightning"
"10,9,Bears,Elite"
"55,9,Spectre,Flames"
"61,9,Express,Hurricanes"
"62,9,Knights,Blizzard"
"63,9,Spartans,Eclipse"
"64,9,Foxes,Hawks"
"65,9,Puffins,Hive"
"66,9,Sabres,Aviators"
"67,9,Wolves,Ducks"
"68,9,Outlaws,Tyrants"
"69,9,Pirates,Bulls"
"70,9,Rhinos,Dodgers"
"71,9,Comets,Shadow"
"72,9,Demolition,Sharks"
"73,9,Wizards,Pandas"
"56,10,Aviators,Puffins"
"57,10,Flames,Demolition"
"74,10,Blizzard,Jets"
"75,10,Eclipse,Knights"
"76,10,Hurricanes,Spartans"
"77,10,Lightning,Express"
"78,10,Ducks,Sabres"
"79,10,Hawks,Wolves"
"80,10,Hive,Foxes"
"81,10,Bulls,Outlaws"
"82,10,Dodgers,Pirates"
"83,10,Elite,Rhinos"
"84,10,Tyrants,Bears"
"85,10,Pandas,Spectre"
"86,10,Shadow,Wizards"
"87,10,Sharks,Comets"
"193,18,Express,Foxes"
"194,18,Jets,Puffins"
"195,18,Knights,Sabres"
"196,18,Spartans,Wolves"
"197,18,Blizzard,Aviators"
"198,18,Eclipse,Ducks"
"199,18,Hurricanes,Hawks"
"200,18,Lightning,Hive"
"201,18,Bears,Flames"
"202,18,Outlaws,Pandas"
"203,18,Pirates,Shadow"
"204,18,Rhinos,Sharks"
"205,18,Bulls,Comets"
"206,18,Dodgers,Demolition"
"207,18,Elite,Spectre"
"208,18,Tyrants,Wizards"
"88,11,Express,Blizzard"
"89,11,Jets,Eclipse"
"90,11,Sabres,Hawks"
"91,11,Wolves,Hive"
"92,11,Bears,Bulls"
"93,11,Outlaws,Dodgers"
"94,11,Rhinos,Tyrants"
"95,11,Comets,Flames"
"96,11,Demolition,Pandas"
"97,11,Spectre,Shadow"
"98,11,Wizards,Sharks"
"124,11,Foxes,Aviators"
"161,11,Knights,Hurricanes"
"162,11,Spartans,Lightning"
"163,11,Puffins,Ducks"
"164,11,Pirates,Elite"
"99,12,Eclipse,Express"
"100,12,Hurricanes,Jets"
"101,12,Lightning,Knights"
"102,12,Aviators,Wolves"
"103,12,Ducks,Foxes"
"104,12,Hive,Sabres"
"105,12,Bulls,Rhinos"
"106,12,Dodgers,Bears"
"107,12,Elite,Outlaws"
"108,12,Flames,Wizards"
"109,12,Pandas,Comets"
"110,12,Shadow,Demolition"
"111,12,Sharks,Spectre"
"165,12,Blizzard,Spartans"
"166,12,Hawks,Puffins"
"167,12,Tyrants,Pirates"
"209,19,Foxes,Jets"
"210,19,Puffins,Knights"
"211,19,Sabres,Spartans"
"212,19,Wolves,Express"
"213,19,Aviators,Eclipse"
"214,19,Ducks,Hurricanes"
"215,19,Hawks,Lightning"
"216,19,Hive,Blizzard"
"217,19,Flames,Outlaws"
"218,19,Pandas,Pirates"
"219,19,Shadow,Rhinos"
"220,19,Sharks,Bears"
"221,19,Comets,Dodgers"
"222,19,Demolition,Elite"
"223,19,Spectre,Tyrants"
"224,19,Wizards,Bulls"
"112,13,Wolves,Puffins"
"113,13,Hawks,Aviators"
"114,13,Hive,Ducks"
"115,13,Knights,Express"
"116,13,Spartans,Jets"
"117,13,Lightning,Eclipse"
"118,13,Spectre,Comets"
"119,13,Wizards,Demolition"
"120,13,Shadow,Flames"
"121,13,Sharks,Pandas"
"122,13,Rhinos,Outlaws"
"125,13,Elite,Bulls"
"126,13,Tyrants,Dodgers"
"168,13,Sabres,Foxes"
"169,13,Hurricanes,Blizzard"
"170,13,Pirates,Bears"
"11,14,Wolves,Sabres"
"12,14,Eclipse,Blizzard"
"13,14,Outlaws,Bears"
"127,14,Puffins,Foxes"
"128,14,Ducks,Aviators"
"129,14,Hive,Hawks"
"130,14,Jets,Express"
"131,14,Spartans,Knights"
"132,14,Lightning,Hurricanes"
"133,14,Demolition,Comets"
"134,14,Wizards,Spectre"
"135,14,Pandas,Flames"
"136,14,Sharks,Shadow"
"137,14,Rhinos,Pirates"
"138,14,Dodgers,Bulls"
"139,14,Tyrants,Elite"
"14,15,Aviators,Hive"
"15,15,Eclipse,Hurricanes"
"16,15,Outlaws,Pirates"
"140,15,Foxes,Wolves"
"141,15,Puffins,Sabres"
"142,15,Ducks,Hawks"
"143,15,Express,Spartans"
"144,15,Jets,Knights"
"145,15,Blizzard,Lightning"
"146,15,Comets,Wizards"
"147,15,Demolition,Spectre"
"148,15,Flames,Sharks"
"149,15,Pandas,Shadow"
"150,15,Bears,Rhinos"
"151,15,Bulls,Tyrants"
"152,15,Dodgers,Elite"
"225,20,Jets,Aviators"
"226,21,Pirates,Bulls"
"227,21,Elite,Flames"
"228,21,Rhinos,Spectre"
"229,21,Lightning,Sabres"
"230,21,Wolves,Hurricanes"
"231,21,Aviators,Express"
"232,21,Elite,Outlaws"
"233,21,Wizards,Demolition"
"234,21,Flames,Rhinos"
"235,21,Hawks,Blizzard"
"236,21,Sabres,Hurricanes"
"237,21,Outlaws,Bears"
"238,21,Tyrants,Dodgers"
"239,21,Wizards,Pandas"
"240,21,Jets,Spartans"
"241,21,Lightning,Express"
"242,21,Wolves,Ducks"
"243,21,Outlaws,Wizards"
"244,21,Pirates,Rhinos"
"245,21,Knights,Express"
"246,21,Ducks,Hive"
"247,21,Lightning,Jets"
"248,21,Demolition,Flames"
"249,21,Bulls,Elite"
"250,21,Dodgers,Shadow"
"251,21,Sharks,Rhinos"
"252,21,Blizzard,Ducks"
"253,21,Hive,Lightning"
"254,21,Rhinos,Pandas"
"255,21,Demolition,Dodgers"
"256,21,Bulls,Flames"
"257,21,Sabres,Spartans"
"258,21,Knights,Puffins"
"259,22,Sharks,Bulls"
"260,22,Elite,Rhinos"
"261,22,Knights,Express"
"262,22,Lightning,Wolves"
"263,22,Bears,Flames"
"264,22,Elite,Wizards"
"265,22,Aviators,Eclipse"
"266,22,Hawks,Hurricanes"
"267,22,Sharks,Bears"
"268,22,Wizards,Dodgers"
"269,22,Hawks,Spartans"
"270,22,Lightning,Ducks"
"271,22,Comets,Sharks"
"272,22,Outlaws,Dodgers"
"273,22,Foxes,Hive"
"274,22,Jets,Blizzard"
"275,22,Shadow,Flames"
"276,22,Rhinos,Demolition"
"277,22,Aviators,Spartans"
"278,22,Knights,Blizzard"
"279,22,Shadow,Rhinos"
"280,22,Flames,Elite"
"281,22,Sabres,Hive"
"282,22,Lightning,Express"
"283,22,Bulls,Tyrants"
"284,22,Pirates,Outlaws"
"285,22,Knights,Hurricanes"
"286,22,Pirates,Bears"
"287,22,Knights,Eclipse"
"288,22,Shadow,Demolition"
"289,22,Spectre,Flames"
"290,22,Hawks,Foxes"
"291,22,Puffins,Ducks"
"292,22,Shadow,Spectre"
"293,22,Flames,Comets"
"294,22,Puffins,Sabres"
"295,22,Aviators,Hawks"
"296,23,Bulls,Rhinos"
"297,23,Express,Lightning"
"298,23,Elite,Bears"
"299,23,Aviators,Hawks"
"300,23,Lightning,Hawks"
"301,23,Sharks,Dodgers"
"302,23,Jets,Foxes"
"303,23,Flames,Rhinos"
"304,23,Spartans,Knights"
"305,23,Flames,Shadow"
"306,23,Lightning,Sabres"
"307,23,Outlaws,Bulls"
"308,23,Knights,Jets"
"309,23,Pirates,Bulls"
"310,23,Puffins,Hawks"
"311,23,Comets,Shadow"
"312,23,Wizards,Sharks"
"313,24,Knights,Bulls"
"314,24,Flames,Hawks"
"315,24,Flames,Lightning"
"316,24,Flames,Spartans"
"317,24,Wizards,Hawks"
"318,24,Jets,Dodgers"
"319,24,Hawks,Bears"
"320,24,Hawks,Shadow"
"321,24,Bulls,Express"
"322,25,Knights,Express"
"323,25,Hawks,Aviators"
"324,25,Hive,Ducks"
"325,25,Shadow,Flames"
"326,25,Sharks,Pandas"
"327,25,Tyrants,Dodgers"
"328,25,Spectre,Comets"
"329,25,Wizards,Demolition"
"330,25,Pirates,Bears"
"367,25,Lightning,Eclipse"
"437,25,Hurricanes,Blizzard"
"438,25,Rhinos,Outlaws"
"439,25,Pirates,Rhinos"
"440,25,Tyrants,Bulls"
"441,25,Hurricanes,Express"
"442,25,Knights,Wizards"
"443,25,Elite,Bulls"
"444,25,Wolves,Puffins"
"445,25,Hawks,Hive"
"446,25,Sabres,Foxes"
"503,25,Spartans,Jets"
"331,26,Flames,Sharks"
"332,26,Aviators,Hive"
"333,26,Hawks,Ducks"
"334,26,Shadow,Pandas"
"335,26,Knights,Jets"
"336,26,Elite,Dodgers"
"337,26,Comets,Wizards"
"338,26,Spectre,Demolition"
"339,26,Bears,Rhinos"
"340,26,Foxes,Wolves"
"341,26,Sabres,Puffins"
"342,26,Blizzard,Lightning"
"447,26,Express,Spartans"
"449,26,Hive,Rhinos"
"450,26,Bulls,Wizards"
"451,26,Hurricanes,Eclipse"
"452,26,Bulls,Tyrants"
"453,26,Express,Knights"
"454,26,Pirates,Outlaws"
"504,26,Tyrants,Pirates"
"507,26,Hurricanes,Hawks"
"343,27,Hive,Hawks"
"344,27,Demolition,Comets"
"345,27,Dodgers,Bulls"
"346,27,Sharks,Shadow"
"347,27,Pandas,Flames"
"348,27,Lightning,Hurricanes"
"349,27,Eclipse,Blizzard"
"350,27,Wolves,Sabres"
"351,27,Puffins,Foxes"
"352,27,Ducks,Aviators"
"354,27,Spartans,Knights"
"355,27,Rhinos,Pirates"
"356,27,Outlaws,Bears"
"357,27,Wizards,Spectre"
"448,27,Express,Bulls"
"455,27,Hive,Hurricanes"
"457,27,Jets,Express"
"458,27,Tyrants,Elite"
"459,27,Knights,Hawks"
"460,27,Rhinos,Tyrants"
"461,27,Wizards,Pirates"
"353,28,Express,Aviators"
"358,28,Sabres,Hurricanes"
"359,28,Puffins,Eclipse"
"360,28,Foxes,Blizzard"
"361,28,Spartans,Hive"
"362,28,Jets,Ducks"
"363,28,Wolves,Lightning"
"365,28,Knights,Hawks"
"369,28,Flames,Bulls"
"370,28,Spectre,Pirates"
"456,28,Pirates,Bulls"
"462,28,Pandas,Dodgers"
"463,28,Wizards,Rhinos"
"464,28,Knights,Hive"
"465,28,Shadow,Elite"
"467,28,Sharks,Tyrants"
"468,28,Hawks,Express"
"469,28,Hurricanes,Tyrants"
"505,28,Comets,Bears"
"508,28,Demolition,Outlaws"
"364,29,Ducks,Knights"
"366,29,Aviators,Jets"
"368,29,Eclipse,Sabres"
"371,29,Outlaws,Spectre"
"372,29,Bears,Demolition"
"373,29,Lightning,Foxes"
"374,29,Hurricanes,Wolves"
"375,29,Elite,Sharks"
"376,29,Dodgers,Shadow"
"377,29,Bulls,Pandas"
"378,29,Rhinos,Comets"
"379,29,Blizzard,Puffins"
"466,29,Hurricanes,Knights"
"470,29,Hawks,Pirates"
"471,29,Pirates,Wizards"
"472,29,Bulls,Rhinos"
"473,29,Tyrants,Wizards"
"509,29,Hive,Express"
"510,29,Hawks,Spartans"
"511,29,Tyrants,Flames"
"380,30,Shadow,Bulls"
"381,30,Demolition,Rhinos"
"382,30,Sharks,Dodgers"
"383,30,Flames,Elite"
"384,30,Comets,Pirates"
"385,30,Wizards,Outlaws"
"386,30,Spectre,Bears"
"387,30,Express,Hawks"
"388,30,Knights,Aviators"
"389,30,Spartans,Ducks"
"390,30,Foxes,Hurricanes"
"391,30,Puffins,Lightning"
"392,30,Sabres,Blizzard"
"474,30,Hive,Hawks"
"475,30,Pirates,Wizards"
"476,30,Rhinos,Tyrants"
"506,30,Express,Hurricanes"
"512,30,Knights,Bulls"
"513,30,Pandas,Tyrants"
"514,30,Jets,Hive"
"515,30,Wolves,Eclipse"
"393,31,Lightning,Sabres"
"394,31,Outlaws,Comets"
"395,31,Tyrants,Shadow"
"397,31,Hurricanes,Puffins"
"398,31,Elite,Pandas"
"399,31,Bulls,Sharks"
"400,31,Rhinos,Spectre"
"401,31,Blizzard,Wolves"
"402,31,Hive,Knights"
"403,31,Ducks,Express"
"404,31,Aviators,Spartans"
"405,31,Pirates,Demolition"
"406,31,Eclipse,Foxes"
"477,31,Tyrants,Hive"
"478,31,Express,Knights"
"479,31,Wizards,Rhinos"
"481,31,Pirates,Bulls"
"482,31,Hawks,Hurricanes"
"516,31,Dodgers,Flames"
"517,31,Bears,Wizards"
"518,31,Hawks,Jets"
"396,32,Bears,Outlaws"
"408,32,Express,Jets"
"409,32,Foxes,Puffins"
"410,32,Sabres,Wolves"
"411,32,Blizzard,Eclipse"
"412,32,Knights,Spartans"
"413,32,Aviators,Ducks"
"414,32,Hawks,Hive"
"415,32,Flames,Pandas"
"416,32,Shadow,Sharks"
"417,32,Elite,Tyrants"
"418,32,Comets,Demolition"
"419,32,Spectre,Wizards"
"480,32,Knights,Hawks"
"483,32,Pirates,Express"
"484,32,Rhinos,Bulls"
"485,32,Tyrants,Wizards"
"519,32,Hurricanes,Lightning"
"520,32,Hurricanes,Hive"
"521,32,Bulls,Dodgers"
"522,32,Pirates,Rhinos"
"407,33,Demolition,Spectre"
"420,33,Outlaws,Pirates"
"421,33,Wizards,Comets"
"423,33,Tyrants,Bulls"
"424,33,Sharks,Flames"
"425,33,Wolves,Foxes"
"426,33,Hive,Aviators"
"427,33,Ducks,Hawks"
"428,33,Jets,Knights"
"429,33,Eclipse,Hurricanes"
"430,33,Puffins,Sabres"
"431,33,Lightning,Blizzard"
"432,33,Pandas,Shadow"
"433,33,Rhinos,Bears"
"486,33,Hawks,Express"
"487,33,Wizards,Hurricanes"
"488,33,Bulls,Tyrants"
"489,33,Rhinos,Pirates"
"523,33,Spartans,Express"
"524,33,Dodgers,Elite"
"525,33,Hive,Knights"
"422,34,Eclipse,Lightning"
"434,34,Blizzard,Hurricanes"
"435,34,Foxes,Sabres"
"436,34,Puffins,Wolves"
"490,34,Express,Hive"
"491,34,Bulls,Wizards"
"492,34,Pirates,Tyrants"
"493,34,Rhinos,Hawks"
"494,34,Outlaws,Rhinos"
"495,34,Demolition,Wizards"
"496,34,Comets,Spectre"
"497,34,Dodgers,Tyrants"
"498,34,Bulls,Elite"
"499,34,Pandas,Sharks"
"500,34,Ducks,Hive"
"501,34,Aviators,Hawks"
"502,34,Jets,Spartans"
"526,34,Bears,Pirates"
"527,34,Express,Knights"
"528,34,Knights,Hurricanes"
"529,34,Flames,Shadow"
"530,35,Pirates,Dodgers"
"531,36,Spartans,Lightning"
"532,36,Sharks,Demolition"
"533,36,Foxes,Hawks"
"534,36,Ducks,Knights"
"535,36,Lightning,Hawks"
"536,36,Aviators,Wolves"
"537,36,Express,Puffins"
"538,36,Demolition,Spectre"
"539,36,Rhinos,Pandas"
"540,36,Wolves,Puffins"
"541,36,Shadow,Outlaws"
"542,36,Ducks,Sabres"
"543,36,Demolition,Tyrants"
"544,36,Wolves,Hurricanes"
"545,36,Pirates,Shadow"
"546,36,Jets,Hawks"
"547,36,Sharks,Wizards"
"548,36,Eclipse,Foxes"
"549,36,Outlaws,Dodgers"
"550,36,Hive,Ducks"
"551,36,Demolition,Sharks"
"552,36,Knights,Aviators"
"553,36,Hurricanes,Spartans"
"554,36,Elite,Wizards"
"555,36,Lightning,Sabres"
"556,36,Pirates,Rhinos"
"557,36,Aviators,Eclipse"
"558,36,Bears,Elite"
"559,36,Express,Hawks"
"560,36,Tyrants,Bears"
"561,36,Sharks,Outlaws"
"562,36,Bulls,Flames"
"563,36,Sabres,Knights"
"564,36,Shadow,Sharks"
"565,36,Elite,Dodgers"
"566,37,Comets,Elite"
"567,37,Blizzard,Wolves"
"568,37,Sharks,Pandas"
"569,37,Lightning,Foxes"
"570,37,Bulls,Tyrants"
"571,37,Wolves,Blizzard"
"572,37,Sabres,Puffins"
"573,37,Bulls,Sharks"
"574,37,Hurricanes,Foxes"
"575,37,Aviators,Spartans"
"584,37,Demolition,Sharks"
"585,37,Wolves,Jets"
"586,37,Pirates,Tyrants"
"587,37,Knights,Sabres"
"588,37,Shadow,Flames"
"589,37,Blizzard,Foxes"
"590,37,Elite,Sharks"
"591,37,Wolves,Hurricanes"
"592,37,Spectre,Outlaws"
"593,37,Foxes,Ducks"
"594,37,Flames,Sharks"
"595,37,Express,Hawks"
"596,37,Rhinos,Elite"
"597,37,Outlaws,Tyrants"
"598,37,Demolition,Rhinos"
"599,37,Rhinos,Tyrants"
"600,37,Express,Hurricanes"
"601,37,Bears,Dodgers"
"602,37,Sabres,Hawks"
"603,37,Sharks,Flames"
"604,37,Lightning,Ducks"
"605,37,Elite,Wizards"
"606,37,Hive,Eclipse"
"576,38,Blizzard,Foxes"
"577,38,Bears,Demolition"
"578,38,Puffins,Ducks"
"579,38,Pirates,Tyrants"
"580,38,Knights,Express"
"581,38,Tyrants,Pandas"
"582,38,Hurricanes,Spartans"
"583,38,Elite,Sharks"
"607,38,Blizzard,Sabres"
"608,38,Rhinos,Flames"
"609,38,Sabres,Wolves"
"610,38,Shadow,Elite"
"611,38,Hive,Jets"
"612,38,Wizards,Tyrants"
"613,38,Sabres,Ducks"
"614,38,Outlaws,Rhinos"
"615,38,Foxes,Wolves"
"616,38,Flames,Tyrants"
"617,38,Hawks,Knights"
"620,39,Knights,Pirates"
"621,39,Hive,Wizards"
"622,39,Sabres,Flames"
"623,39,Puffins,Bears"
"624,39,Wolves,Shadow"
"625,39,Blizzard,Tyrants"
"626,39,Sabres,Rhinos"
"627,39,Hurricanes,Sharks"
"618,40,Jets,Express"
"619,40,Spartans,Knights"
"628,40,Eclipse,Blizzard"
"629,40,Lightning,Hurricanes"
"630,40,Puffins,Foxes"
"631,40,Wolves,Sabres"
"632,40,Ducks,Aviators"
"633,40,Hive,Hawks"
"634,40,Outlaws,Bears"
"635,40,Rhinos,Pirates"
"636,40,Dodgers,Bulls"
"637,40,Tyrants,Elite"
"638,40,Demolition,Comets"
"639,40,Wizards,Spectre"
"640,40,Pandas,Flames"
"641,40,Sharks,Shadow"
"713,40,Ducks,Hive"
"714,40,Hurricanes,Blizzard"
"715,40,Spartans,Shadow"
"778,40,Rhinos,Demolition"
"779,40,Flames,Pirates"
"642,47,Knights,Express"
"643,47,Sabres,Foxes"
"644,47,Shadow,Flames"
"645,47,Wizards,Demolition"
"646,47,Spectre,Comets"
"647,47,Tyrants,Dodgers"
"648,47,Rhinos,Outlaws"
"649,47,Pirates,Bears"
"650,47,Hive,Ducks"
"651,47,Hawks,Aviators"
"652,47,Spartans,Jets"
"653,47,Hurricanes,Blizzard"
"654,47,Sharks,Pandas"
"716,47,Rhinos,Flames"
"717,47,Demolition,Shadow"
"718,47,Hurricanes,Ducks"
"719,47,Hive,Pirates"
"780,47,Lightning,Eclipse"
"781,47,Elite,Bulls"
"782,47,Blizzard,Spartans"
"783,47,Wolves,Puffins"
"655,42,Pirates,Outlaws"
"656,42,Aviators,Hive"
"657,42,Bears,Rhinos"
"658,42,Bulls,Tyrants"
"659,42,Elite,Dodgers"
"660,42,Comets,Wizards"
"661,42,Flames,Sharks"
"662,42,Shadow,Pandas"
"663,42,Express,Spartans"
"664,42,Knights,Jets"
"665,42,Hurricanes,Eclipse"
"666,42,Foxes,Wolves"
"667,42,Sabres,Puffins"
"720,42,Shadow,Flames"
"721,42,Pirates,Rhinos"
"784,42,Spartans,Ducks"
"785,42,Hive,Hurricanes"
"786,42,Blizzard,Demolition"
"787,42,Hawks,Ducks"
"788,42,Spectre,Demolition"
"789,42,Blizzard,Lightning"
"668,41,Pirates,Elite"
"669,41,Comets,Flames"
"670,41,Knights,Hurricanes"
"671,41,Jets,Eclipse"
"672,41,Express,Blizzard"
"673,41,Wolves,Hive"
"674,41,Sabres,Hawks"
"675,41,Foxes,Aviators"
"676,41,Demolition,Pandas"
"677,41,Spectre,Shadow"
"678,41,Wizards,Sharks"
"679,41,Bears,Bulls"
"680,41,Rhinos,Tyrants"
"722,41,Spartans,Hive"
"723,41,Flames,Demolition"
"724,41,Shadow,Pirates"
"725,41,Ducks,Blizzard"
"726,41,Hurricanes,Rhinos"
"790,41,Spartans,Lightning"
"791,41,Puffins,Ducks"
"792,41,Outlaws,Dodgers"
"681,48,Aviators,Puffins"
"682,48,Ducks,Sabres"
"683,48,Hawks,Wolves"
"684,48,Blizzard,Jets"
"685,48,Eclipse,Knights"
"686,48,Hurricanes,Spartans"
"687,48,Lightning,Express"
"688,48,Pandas,Spectre"
"689,48,Shadow,Wizards"
"690,48,Sharks,Comets"
"691,48,Bulls,Outlaws"
"692,48,Dodgers,Pirates"
"727,48,Hive,Blizzard"
"728,48,Ducks,Flames"
"729,48,Rhinos,Shadow"
"730,48,Demolition,Pirates"
"793,48,Hive,Foxes"
"794,48,Flames,Demolition"
"795,48,Elite,Rhinos"
"796,48,Tyrants,Bears"
"693,43,Foxes,Hawks"
"694,43,Puffins,Hive"
"695,43,Sabres,Aviators"
"696,43,Wolves,Ducks"
"697,43,Express,Hurricanes"
"698,43,Jets,Lightning"
"699,43,Knights,Blizzard"
"700,43,Spartans,Eclipse"
"701,43,Comets,Shadow"
"702,43,Spectre,Flames"
"703,43,Wizards,Pandas"
"704,43,Bears,Elite"
"705,43,Outlaws,Tyrants"
"706,43,Pirates,Bulls"
"731,43,Blizzard,Hurricanes"
"732,43,Hive,Ducks"
"733,43,Demolition,Spartans"
"734,43,Pirates,Rhinos"
"735,43,Shadow,Flames"
"797,43,Demolition,Sharks"
"798,43,Rhinos,Dodgers"
"707,45,Aviators,Wolves"
"708,45,Ducks,Foxes"
"709,45,Hawks,Puffins"
"710,45,Hive,Sabres"
"711,45,Eclipse,Express"
"712,45,Hurricanes,Jets"
"736,45,Dodgers,Bears"
"737,45,Elite,Outlaws"
"738,45,Tyrants,Pirates"
"739,45,Flames,Wizards"
"740,45,Pandas,Comets"
"741,45,Shadow,Demolition"
"742,45,Sharks,Spectre"
"743,45,Bulls,Rhinos"
"799,45,Shadow,Pirates"
"800,45,Rhinos,Hive"
"801,45,Flames,Demolition"
"802,45,Ducks,Hurricanes"
"803,45,Blizzard,Spartans"
"804,45,Lightning,Knights"
"744,44,Pandas,Shadow"
"745,44,Sharks,Flames"
"746,44,Outlaws,Pirates"
"747,44,Hive,Aviators"
"748,44,Ducks,Hawks"
"749,44,Puffins,Sabres"
"750,44,Lightning,Blizzard"
"751,44,Eclipse,Hurricanes"
"752,44,Spartans,Express"
"753,44,Rhinos,Bears"
"754,44,Dodgers,Elite"
"755,44,Tyrants,Bulls"
"756,44,Wizards,Comets"
"805,44,Demolition,Spectre"
"806,44,Wolves,Foxes"
"807,44,Jets,Knights"
"808,44,Hurricanes,Hive"
"809,44,Spartans,Ducks"
"810,44,Flames,Blizzard"
"811,44,Pirates,Demolition"
"812,44,Rhinos,Shadow"
"757,49,Pandas,Sharks"
"758,49,Flames,Shadow"
"759,49,Demolition,Wizards"
"760,49,Comets,Spectre"
"761,49,Dodgers,Tyrants"
"762,49,Outlaws,Rhinos"
"763,49,Bears,Pirates"
"764,49,Ducks,Hive"
"765,49,Aviators,Hawks"
"766,49,Foxes,Sabres"
"767,49,Eclipse,Lightning"
"768,49,Blizzard,Hurricanes"
"769,49,Jets,Spartans"
"813,49,Express,Knights"
"814,49,Hive,Spartans"
"815,49,Demolition,Rhinos"
"816,49,Pirates,Flames"
"817,49,Shadow,Hurricanes"
"818,49,Ducks,Blizzard"
"819,49,Bulls,Elite"
"820,49,Puffins,Wolves"
"770,46,Foxes,Puffins"
"771,46,Aviators,Ducks"
"772,46,Hurricanes,Lightning"
"773,46,Blizzard,Eclipse"
"774,46,Express,Jets"
"775,46,Hawks,Hive"
"776,46,Bears,Outlaws"
"777,46,Pirates,Rhinos"
"821,46,Spartans,Hurricanes"
"822,46,Flames,Rhinos"
"823,46,Demolition,Shadow"
"824,46,Pirates,Ducks"
"825,46,Sabres,Wolves"
"826,46,Knights,Spartans"
"827,46,Bulls,Dodgers"
"828,46,Elite,Tyrants"
"829,46,Comets,Demolition"
"830,46,Spectre,Wizards"
"831,46,Flames,Pandas"
"832,46,Shadow,Sharks"
"833,46,Blizzard,Hive"
"834,50,Outlaws,Pirates"
"835,50,Tyrants,Dodgers"
"836,50,Shadow,Comets"
"837,50,Puffins,Ducks"
"838,50,Hawks,Foxes"
"839,50,Lightning,Spartans"
"840,50,Dodgers,Tyrants"
"841,50,Shadow,Wizards"
"842,50,Sabres,Foxes"
"843,50,Eclipse,Express"
"844,50,Outlaws,Shadow"
"845,50,Tyrants,Bears"
"846,50,Flames,Dodgers"
"847,50,Hurricanes,Wolves"
"848,50,Spectre,Rhinos"
"849,50,Dodgers,Bulls"
"850,50,Bears,Shadow"
"851,50,Express,Spartans"
"852,50,Hurricanes,Foxes"
"853,50,Wolves,Hawks"
"854,50,Shadow,Dodgers"
"855,50,Hive,Lightning"
"856,50,Ducks,Aviators"
"857,50,Blizzard,Wolves"
"858,50,Demolition,Pandas"
"859,50,Outlaws,Comets"
"860,50,Sabres,Aviators"
"861,50,Flames,Tyrants"
"862,50,Puffins,Foxes"
"863,50,Lightning,Express"
"864,50,Hurricanes,Hive"
"865,50,Bulls,Pandas"
"866,50,Blizzard,Knights"
"867,50,Sharks,Flames"
"868,52,Elite,Dodgers"
"869,52,Outlaws,Bears"
"870,52,Hurricanes,Spartans"
"871,52,Express,Eclipse"
"872,52,Outlaws,Elite"
"873,52,Dodgers,Tyrants"
"874,52,Spartans,Knights"
"875,52,Eclipse,Lightning"
"876,52,Flames,Demolition"
"877,52,Shadow,Rhinos"
"878,52,Hurricanes,Blizzard"
"879,52,Rhinos,Flames"
"880,52,Tyrants,Wizards"
"881,52,Blizzard,Sabres"
"882,52,Demolition,Shadow"
"883,52,Pandas,Bears"
"884,52,Blizzard,Wolves"
"885,52,Ducks,Hurricanes"
"886,52,Ducks,Express"
"887,52,Express,Hurricanes"
"888,52,Pandas,Tyrants"
"889,52,Pirates,Comets"
"890,52,Blizzard,Hawks"
"891,52,Ducks,Lightning"
"892,52,Bears,Outlaws"
"893,52,Wolves,Aviators"
"894,52,Lightning,Blizzard"
"895,52,Blizzard,Lightning"
"896,52,Foxes,Hurricanes"
"897,52,Lightning,Aviators"
"898,52,Knights,Blizzard"
"899,52,Wizards,Outlaws"
"900,52,Comets,Bears"
"901,52,Spectre,Dodgers"
"902,53,Rhinos,Demolition"
"903,53,Lightning,Blizzard"
"904,53,Dodgers,Bears"
"905,53,Lightning,Wolves"
"906,53,Pandas,Bears"
"907,53,Flames,Rhinos"
"908,53,Hive,Hurricanes"
"909,53,Outlaws,Dodgers"
"910,53,Hurricanes,Eclipse"
"911,53,Tyrants,Elite"
"912,53,Spartans,Lightning"
"913,53,Rhinos,Tyrants"
"914,53,Blizzard,Ducks"
"915,53,Demolition,Bears"
"916,53,Blizzard,Hurricanes"
"917,53,Pirates,Tyrants"
"918,53,Wizards,Dodgers"
"919,54,Rhinos,Hurricanes"
"920,54,Hive,Rhinos"
"921,54,Hurricanes,Dodgers"
"922,54,Spartans,Elite"
"923,54,Rhinos,Blizzard"
"924,54,Demolition,Hurricanes"
"925,54,Blizzard,Tyrants"
"926,54,Bears,Hurricanes"
"927,54,Lightning,Dodgers"
"928,67,Rhinos,Bears"
"929,67,Jets,Knights"
"930,67,Spartans,Express"
"931,67,Ducks,Hawks"
"932,67,Hive,Aviators"
"933,67,Puffins,Sabres"
"934,67,Wolves,Foxes"
"935,67,Eclipse,Hurricanes"
"936,67,Lightning,Blizzard"
"937,67,Demolition,Spectre"
"938,67,Wizards,Comets"
"939,67,Outlaws,Pirates"
"940,67,Pandas,Shadow"
"941,67,Sharks,Flames"
"942,67,Dodgers,Elite"
"943,67,Tyrants,Bulls"
"944,67,Rhinos,Dodgers"
"945,67,Flames,Pandas"
"946,67,Wolves,Shadow"
"947,67,Sabres,Blizzard"
"948,67,Hurricanes,Lightning"
"949,68,Sabres,Wolves"
"950,68,Blizzard,Eclipse"
"951,68,Hurricanes,Lightning"
"952,68,Comets,Demolition"
"953,68,Spectre,Wizards"
"954,68,Bears,Outlaws"
"955,68,Pirates,Rhinos"
"956,68,Flames,Pandas"
"957,68,Shadow,Sharks"
"958,68,Bulls,Dodgers"
"959,68,Elite,Tyrants"
"960,68,Foxes,Puffins"
"961,68,Hawks,Hive"
"962,68,Aviators,Ducks"
"963,68,Knights,Spartans"
"964,68,Express,Jets"
"965,68,Blizzard,Wolves"
"966,68,Lightning,Pandas"
"967,68,Sabres,Hurricanes"
"968,68,Dodgers,Shadow"
"969,68,Rhinos,Flames"
"970,69,Pirates,Bears"
"971,69,Rhinos,Outlaws"
"972,69,Shadow,Flames"
"973,69,Sharks,Pandas"
"974,69,Elite,Bulls"
"975,69,Tyrants,Dodgers"
"976,69,Knights,Express"
"977,69,Spartans,Jets"
"978,69,Hawks,Aviators"
"979,69,Hive,Ducks"
"980,69,Sabres,Foxes"
"981,69,Wolves,Puffins"
"982,69,Hurricanes,Blizzard"
"983,69,Lightning,Eclipse"
"984,69,Spectre,Comets"
"985,69,Wizards,Demolition"
"986,69,Blizzard,Dodgers"
"987,69,Lightning,Sabres"
"988,69,Wolves,Hurricanes"
"989,69,Pandas,Rhinos"
"990,70,Spectre,Pirates"
"991,70,Wizards,Rhinos"
"992,70,Foxes,Blizzard"
"993,70,Puffins,Eclipse"
"994,70,Sabres,Hurricanes"
"995,70,Wolves,Lightning"
"996,70,Express,Aviators"
"997,70,Jets,Ducks"
"998,70,Knights,Hawks"
"999,70,Spartans,Hive"
"1000,70,Flames,Bulls"
"1001,70,Pandas,Dodgers"
"1002,70,Shadow,Elite"
"1003,70,Sharks,Tyrants"
"1004,70,Comets,Bears"
"1005,70,Demolition,Outlaws"
"1006,70,Hurricanes,Blizzard"
"1007,70,Shadow,Pandas"
"1008,70,Flames,Dodgers"
"1009,70,Sabres,Rhinos"
"1010,71,Blizzard,Puffins"
"1011,71,Aviators,Jets"
"1012,71,Ducks,Knights"
"1013,71,Hawks,Spartans"
"1014,71,Hive,Express"
"1015,71,Dodgers,Shadow"
"1016,71,Elite,Sharks"
"1017,71,Tyrants,Flames"
"1018,71,Bears,Demolition"
"1019,71,Outlaws,Spectre"
"1020,71,Pirates,Wizards"
"1021,71,Rhinos,Comets"
"1022,71,Bulls,Pandas"
"1023,71,Eclipse,Sabres"
"1024,71,Hurricanes,Wolves"
"1025,71,Lightning,Foxes"
"1026,71,Hurricanes,Flames"
"1027,71,Lightning,Blizzard"
"1028,71,Sabres,Wolves"
"1029,71,Dodgers,Pandas"
"1030,71,Rhinos,Shadow"
"1031,72,Comets,Pirates"
"1032,72,Wolves,Eclipse"
"1033,72,Jets,Hive"
"1034,72,Knights,Aviators"
"1035,72,Spartans,Ducks"
"1036,72,Flames,Elite"
"1037,72,Pandas,Tyrants"
"1038,72,Foxes,Hurricanes"
"1039,72,Puffins,Lightning"
"1040,72,Express,Hawks"
"1041,72,Shadow,Bulls"
"1042,72,Sharks,Dodgers"
"1043,72,Sabres,Blizzard"
"1044,72,Demolition,Rhinos"
"1045,72,Spectre,Bears"
"1046,72,Wizards,Outlaws"
"1047,72,Shadow,Flames"
"1048,72,Pandas,Rhinos"
"1049,72,Dodgers,Wolves"
"1050,72,Lightning,Hurricanes"
"1051,72,Blizzard,Sabres"
"1052,73,Bears,Wizards"
"1053,73,Outlaws,Comets"
"1054,73,Pirates,Demolition"
"1055,73,Hive,Knights"
"1056,73,Hawks,Jets"
"1057,73,Ducks,Express"
"1058,73,Aviators,Spartans"
"1059,73,Lightning,Sabres"
"1060,73,Hurricanes,Puffins"
"1061,73,Blizzard,Wolves"
"1062,73,Eclipse,Foxes"
"1063,73,Rhinos,Spectre"
"1064,73,Bulls,Sharks"
"1065,73,Shadow,Pandas"
"1066,73,Rhinos,Lightning"
"1067,73,Flames,Dodgers"
"1068,73,Hurricanes,Sabres"
"1069,73,Dodgers,Flames"
"1070,73,Elite,Pandas"
"1071,73,Tyrants,Shadow"
"1072,74,Ducks,Hive"
"1073,74,Foxes,Sabres"
"1074,74,Puffins,Wolves"
"1075,74,Blizzard,Hurricanes"
"1076,74,Eclipse,Lightning"
"1077,74,Comets,Spectre"
"1078,74,Demolition,Wizards"
"1079,74,Bears,Pirates"
"1080,74,Outlaws,Rhinos"
"1081,74,Flames,Shadow"
"1082,74,Pandas,Sharks"
"1083,74,Bulls,Elite"
"1084,74,Dodgers,Tyrants"
"1085,74,Express,Knights"
"1086,74,Jets,Spartans"
"1087,74,Aviators,Hawks"
"1088,74,Sabres,Lightning"
"1089,74,Wolves,Hurricanes"
"1090,74,Flames,Blizzard"
"1091,74,Rhinos,Shadow"
"1092,74,Pandas,Dodgers"
"1093,75,Puffins,Foxes"
"1094,75,Hive,Hawks"
"1095,75,Jets,Express"
"1096,75,Sharks,Shadow"
"1097,75,Pandas,Flames"
"1098,75,Rhinos,Pirates"
"1099,75,Outlaws,Bears"
"1100,75,Wizards,Spectre"
"1101,75,Demolition,Comets"
"1102,75,Lightning,Hurricanes"
"1103,75,Eclipse,Blizzard"
"1104,75,Wolves,Sabres"
"1105,75,Ducks,Aviators"
"1106,75,Spartans,Knights"
"1107,75,Tyrants,Elite"
"1108,75,Dodgers,Bulls"
"1109,75,Shadow,Sabres"
"1110,75,Dodgers,Rhinos"
"1111,75,Lightning,Wolves"
"1112,75,Hurricanes,Blizzard"
"1113,76,Hurricanes,Eclipse"
"1114,76,Blizzard,Lightning"
"1115,76,Sabres,Puffins"
"1116,76,Foxes,Wolves"
"1117,76,Hawks,Ducks"
"1118,76,Aviators,Hive"
"1119,76,Knights,Jets"
"1120,76,Express,Spartans"
"1121,76,Pirates,Outlaws"
"1122,76,Spectre,Demolition"
"1123,76,Comets,Wizards"
"1124,76,Pandas,Hurricanes"
"1125,76,Flames,Rhinos"
"1126,76,Dodgers,Shadow"
"1127,76,Wolves,Sabres"
"1128,76,Elite,Dodgers"
"1129,76,Bulls,Tyrants"
"1130,76,Shadow,Pandas"
"1131,76,Flames,Sharks"
"1132,76,Bears,Rhinos"
"1133,77,Outlaws,Pandas"
"1134,77,Ducks,Eclipse"
"1135,78,Outlaws,Bears"
"1136,78,Tyrants,Wizards"
"1137,78,Hawks,Aviators"
"1138,78,Blizzard,Knights"
"1139,78,Wizards,Tyrants"
"1140,78,Ducks,Hive"
"1141,78,Wolves,Eclipse"
"1142,78,Rhinos,Outlaws"
"1143,78,Bulls,Flames"
"1144,78,Comets,Spectre"
"1145,78,Puffins,Wolves"
"1146,78,Pirates,Rhinos"
"1147,78,Puffins,Eclipse"
"1148,78,Bulls,Outlaws"
"1149,78,Hawks,Express"
"1150,78,Comets,Flames"
"1151,78,Aviators,Hawks"
"1152,78,Knights,Puffins"
"1153,78,Outlaws,Comets"
"1154,78,Bulls,Elite"
"1155,78,Demolition,Shadow"
"1156,78,Lightning,Wolves"
"1157,78,Foxes,Puffins"
"1158,78,Outlaws,Spectre"
"1159,78,Flames,Rhinos"
"1160,78,Comets,Tyrants"
"1161,78,Sharks,Spectre"
"1162,78,Express,Sabres"
"1163,78,Hurricanes,Ducks"
"1164,78,Puffins,Lightning"
"1165,78,Spartans,Wolves"
"1166,78,Foxes,Jets"
"1167,78,Pirates,Dodgers"
"1170,78,Wizards,Pandas"
"1171,78,Spartans,Eclipse"
"1172,80,Rhinos,Dodgers"
"1173,80,Spartans,Aviators"
"1174,80,Bears,Pirates"
"1175,80,Spectre,Outlaws"
"1176,80,Knights,Aviators"
"1177,80,Ducks,Spartans"
"1178,80,Hurricanes,Lightning"
"1179,80,Pandas,Rhinos"
"1180,80,Wizards,Bulls"
"1181,80,Express,Puffins"
"1182,80,Ducks,Blizzard"
"1183,80,Tyrants,Pandas"
"1184,80,Express,Wolves"
"1185,80,Foxes,Hive"
"1186,80,Bulls,Rhinos"
"1187,80,Aviators,Sabres"
"1188,80,Outlaws,Tyrants"
"1189,80,Puffins,Hawks"
"1190,80,Bears,Wizards"
"1191,80,Blizzard,Lightning"
"1192,80,Blizzard,Jets"
"1193,80,Spartans,Hawks"
"1194,80,Flames,Pirates"
"1195,80,Comets,Bulls"
"1196,80,Hawks,Express"
"1197,80,Rhinos,Flames"
"1198,80,Comets,Rhinos"
"1199,80,Outlaws,Bulls"
"1200,80,Dodgers,Spectre"
"1201,80,Blizzard,Eclipse"
"1202,80,Hawks,Wolves"
"1203,80,Pandas,Bears"
"1204,80,Comets,Tyrants"
"1205,80,Puffins,Hurricanes"
"1206,80,Sharks,Shadow"
"1207,81,Hawks,Aviators"
"1208,81,Bears,Spectre"
"1209,81,Spartans,Aviators"
"1210,81,Bears,Rhinos"
"1211,81,Blizzard,Hawks"
"1212,81,Bulls,Pirates"
"1213,81,Hurricanes,Sabres"
"1214,81,Tyrants,Dodgers"
"1215,81,Blizzard,Wolves"
"1216,81,Comets,Bears"
"1217,81,Wizards,Rhinos"
"1218,81,Flames,Dodgers"
"1219,81,Wolves,Hurricanes"
"1220,81,Pandas,Flames"
"1221,81,Sabres,Blizzard"
"1222,81,Bulls,Tyrants"
"1223,81,Express,Hive"
"1224,81,Bulls,Shadow"
"1225,81,Express,Blizzard"
"1226,82,Bears,Hawks"
"1227,82,Bears,Aviators"
"1228,82,Blizzard,Bulls"
"1229,82,Hurricanes,Dodgers"
"1230,82,Blizzard,Comets"
"1231,82,Blizzard,Wizards"
"1232,82,Express,Bulls"
"1233,82,Pandas,Blizzard"
"5984,211,Foxes,Sabres"
"5985,211,Wolves,Puffins"
"5986,211,Aviators,Hawks"
"5987,211,Hive,Ducks"
"5988,211,Express,Knights"
"5989,211,Spartans,Jets"
"5990,211,Blizzard,Hurricanes"
"5991,211,Lightning,Eclipse"
"5992,211,Comets,Spectre"
"5993,211,Wizards,Demolition"
"5994,211,Flames,Shadow"
"5995,211,Sharks,Pandas"
"5996,211,Bears,Pirates"
"5997,211,Rhinos,Outlaws"
"5998,211,Bulls,Elite"
"5999,211,Tyrants,Dodgers"
"6000,211,Bears,Rhinos"
"6001,211,Shadow,Outlaws"
"6037,212,Knights,Jets"
"6038,212,Sabres,Puffins"
"6039,212,Wolves,Foxes"
"6040,212,Hawks,Ducks"
"6041,212,Spartans,Express"
"6042,212,Hurricanes,Eclipse"
"6043,212,Spectre,Demolition"
"6044,212,Wizards,Comets"
"6045,212,Shadow,Pandas"
"6046,212,Pirates,Outlaws"
"6047,212,Rhinos,Bears"
"6048,212,Tyrants,Bulls"
"6049,212,Rhinos,Outlaws"
"6050,212,Shadow,Bears"
"6051,212,Elite,Dodgers"
"6052,212,Hive,Aviators"
"6053,212,Lightning,Blizzard"
"6054,212,Sharks,Flames"
"5949,213,Puffins,Foxes"
"5950,213,Sabres,Wolves"
"5951,213,Ducks,Aviators"
"5952,213,Hawks,Hive"
"5953,213,Jets,Express"
"5954,213,Knights,Spartans"
"5955,213,Eclipse,Blizzard"
"5956,213,Spectre,Wizards"
"5957,213,Pandas,Flames"
"5958,213,Shadow,Sharks"
"5959,213,Outlaws,Bears"
"5960,213,Pirates,Rhinos"
"5961,213,Dodgers,Bulls"
"5962,213,Elite,Tyrants"
"5963,213,Rhinos,Shadow"
"5964,213,Demolition,Comets"
"5965,213,Hurricanes,Lightning"
"6073,210,Express,Blizzard"
"6074,210,Jets,Eclipse"
"6075,210,Spartans,Lightning"
"6076,210,Foxes,Aviators"
"6077,210,Puffins,Ducks"
"6078,210,Sabres,Hawks"
"6079,210,Wolves,Hive"
"6080,210,Bears,Bulls"
"6081,210,Pirates,Elite"
"6082,210,Rhinos,Tyrants"
"6083,210,Comets,Flames"
"6084,210,Spectre,Shadow"
"6085,210,Wizards,Sharks"
"6086,210,Rhinos,Elite"
"6087,210,Shadow,Tyrants"
"6088,210,Demolition,Pandas"
"6089,210,Outlaws,Dodgers"
"6090,210,Knights,Hurricanes"
"5931,204,Blizzard,Jets"
"5932,204,Hurricanes,Spartans"
"5933,204,Lightning,Express"
"5934,204,Aviators,Puffins"
"5935,204,Ducks,Sabres"
"5936,204,Hive,Foxes"
"5937,204,Bulls,Outlaws"
"5938,204,Dodgers,Pirates"
"5939,204,Elite,Rhinos"
"5940,204,Tyrants,Bears"
"5941,204,Pandas,Spectre"
"5942,204,Dodgers,Rhinos"
"5943,204,Elite,Shadow"
"5944,204,Eclipse,Knights"
"5945,204,Hawks,Wolves"
"5946,204,Flames,Demolition"
"5947,204,Shadow,Wizards"
"5948,204,Sharks,Comets"
"6019,205,Express,Hurricanes"
"6020,205,Jets,Lightning"
"6021,205,Foxes,Hawks"
"6022,205,Puffins,Hive"
"6023,205,Sabres,Aviators"
"6024,205,Wolves,Ducks"
"6025,205,Bears,Elite"
"6026,205,Outlaws,Tyrants"
"6027,205,Pirates,Bulls"
"6028,205,Rhinos,Dodgers"
"6029,205,Comets,Shadow"
"6030,205,Demolition,Sharks"
"6031,205,Spectre,Flames"
"6032,205,Wizards,Pandas"
"6033,205,Shadow,Dodgers"
"6034,205,Rhinos,Bulls"
"6035,205,Knights,Blizzard"
"6036,205,Spartans,Eclipse"
"5966,206,Blizzard,Spartans"
"5967,206,Eclipse,Express"
"5968,206,Hurricanes,Jets"
"5969,206,Lightning,Knights"
"5970,206,Aviators,Wolves"
"5971,206,Ducks,Foxes"
"5972,206,Hawks,Puffins"
"5973,206,Hive,Sabres"
"5974,206,Dodgers,Bears"
"5975,206,Elite,Outlaws"
"5976,206,Flames,Wizards"
"5977,206,Pandas,Comets"
"5978,206,Shadow,Demolition"
"5979,206,Sharks,Spectre"
"5980,206,Bulls,Shadow"
"5981,206,Tyrants,Rhinos"
"5982,206,Bulls,Rhinos"
"5983,206,Tyrants,Pirates"
"6002,207,Foxes,Puffins"
"6003,207,Wolves,Sabres"
"6004,207,Aviators,Ducks"
"6005,207,Express,Jets"
"6006,207,Spartans,Knights"
"6007,207,Blizzard,Eclipse"
"6008,207,Lightning,Hurricanes"
"6009,207,Flames,Pandas"
"6010,207,Sharks,Shadow"
"6011,207,Bears,Outlaws"
"6012,207,Rhinos,Pirates"
"6013,207,Bulls,Dodgers"
"6014,207,Tyrants,Elite"
"6015,207,Shadow,Rhinos"
"6016,207,Hive,Hawks"
"6017,207,Comets,Demolition"
"6018,207,Wizards,Spectre"
"6055,208,Foxes,Wolves"
"6056,208,Ducks,Hawks"
"6057,208,Express,Spartans"
"6058,208,Jets,Knights"
"6059,208,Blizzard,Lightning"
"6060,208,Eclipse,Hurricanes"
"6061,208,Comets,Wizards"
"6062,208,Demolition,Spectre"
"6063,208,Pandas,Shadow"
"6064,208,Bears,Rhinos"
"6065,208,Dodgers,Elite"
"6066,208,Bears,Shadow"
"6067,208,Outlaws,Rhinos"
"6068,208,Outlaws,Pirates"
"6069,208,Flames,Sharks"
"6070,208,Aviators,Hive"
"6071,208,Puffins,Sabres"
"6072,208,Bulls,Tyrants"
"6091,209,Puffins,Wolves"
"6092,209,Sabres,Foxes"
"6093,209,Ducks,Hive"
"6094,209,Hawks,Aviators"
"6095,209,Jets,Spartans"
"6096,209,Knights,Express"
"6097,209,Eclipse,Lightning"
"6098,209,Hurricanes,Blizzard"
"6099,209,Demolition,Wizards"
"6100,209,Spectre,Comets"
"6101,209,Shadow,Flames"
"6102,209,Outlaws,Rhinos"
"6103,209,Pirates,Bears"
"6104,209,Dodgers,Tyrants"
"6105,209,Elite,Bulls"
"6106,209,Outlaws,Shadow"
"6107,209,Rhinos,Bears"
"6108,209,Pandas,Sharks"
"6109,218,Bears,Tyrants"
"6110,217,Comets,Pirates"
"6111,217,Sharks,Dodgers"
"6113,217,Wolves,Jets"
"6114,217,Express,Eclipse"
"6115,217,Hurricanes,Hive"
"6116,217,Wizards,Elite"
"6117,217,Bears,Sharks"
"6118,217,Flames,Tyrants"
"6119,217,Foxes,Hive"
"6120,217,Ducks,Hurricanes"
"6121,217,Jets,Hawks"
"6122,217,Elite,Flames"
"6123,217,Shadow,Bears"
"6124,217,Aviators,Puffins"
"6125,217,Lightning,Knights"
"6126,217,Wolves,Blizzard"
"6127,217,Bulls,Outlaws"
"6128,217,Rhinos,Tyrants"
"6129,217,Pandas,Comets"
"6130,217,Hawks,Spartans"
"6131,217,Express,Blizzard"
"6132,217,Hurricanes,Hive"
"6133,217,Demolition,Comets"
"6134,217,Dodgers,Pirates"
"6135,217,Bears,Rhinos"
"6136,217,Hawks,Eclipse"
"6137,217,Foxes,Aviators"
"6138,217,Spartans,Blizzard"
"6139,218,Dodgers,Sharks"
"6140,217,Blizzard,Foxes"
"6141,217,Express,Spartans"
"6142,217,Aviators,Hurricanes"
"6143,217,Demolition,Dodgers"
"6144,217,Shadow,Elite"
"6145,218,Pirates,Comets"
"6164,217,Demolition,Sharks"
"6165,217,Spectre,Tyrants"
"6166,217,Pandas,Comets"
"6167,216,Puffins,Wolves"
"6168,216,Hawks,Foxes"
"6169,216,Wizards,Shadow"
"6170,216,Pandas,Demolition"
"6171,216,Sabres,Foxes"
"6172,216,Hawks,Wolves"
"6173,216,Sharks,Demolition"
"6174,216,Comets,Pandas"
"6175,216,Blizzard,Knights"
"6176,216,Jets,Hurricanes"
"6177,216,Elite,Outlaws"
"6178,216,Bears,Bulls"
"6179,216,Hurricanes,Spartans"
"6180,216,Jets,Blizzard"
"6181,216,Bulls,Tyrants"
"6182,216,Rhinos,Bears"
"6183,216,Hawks,Jets"
"6184,216,Express,Hurricanes"
"6185,216,Bulls,Elite"
"6186,216,Flames,Sharks"
"6187,216,Blizzard,Hive"
"6188,216,Hawks,Hurricanes"
"6189,216,Rhinos,Sharks"
"6190,216,Elite,Shadow"
"6191,216,Express,Wolves"
"6192,216,Aviators,Lightning"
"6193,216,Demolition,Outlaws"
"6194,216,Rhinos,Pandas"
"6195,216,Wolves,Spartans"
"6196,216,Express,Hurricanes"
"6197,216,Pandas,Comets"
"6198,216,Rhinos,Pirates"
"6199,216,Hurricanes,Eclipse"
"6200,216,Foxes,Blizzard"
"6201,216,Outlaws,Dodgers"
"6202,216,Spectre,Pandas"
"6203,216,Wolves,Hurricanes"
"6204,216,Blizzard,Express"
"6205,216,Bulls,Dodgers"
"6206,216,Shadow,Comets"
"6208,215,Puffins,Foxes"
"6209,215,Wizards,Pandas"
"6210,215,Hawks,Foxes"
"6211,215,Pandas,Demolition"
"6212,215,Hawks,Express"
"6213,215,Bulls,Sharks"
"6214,215,Hawks,Hive"
"6215,215,Elite,Sharks"
"6216,215,Lightning,Wolves"
"6217,215,Pandas,Outlaws"
"6218,215,Wolves,Hurricanes"
"6219,215,Rhinos,Comets"
"6220,215,Hurricanes,Blizzard"
"6221,215,Outlaws,Pandas"
"6222,215,Wolves,Blizzard"
"6223,215,Comets,Dodgers"
"6224,215,Blizzard,Jets"
"6225,215,Bulls,Outlaws"
"6226,215,Hurricanes,Jets"
"6227,215,Bulls,Rhinos"
"6228,214,Puffins,Wizards"
"6229,214,Hawks,Demolition"
"6230,214,Bulls,Express"
"6231,214,Elite,Hive"
"6232,214,Wolves,Pandas"
"6233,214,Wolves,Rhinos"
"6234,214,Pandas,Blizzard"
"6235,214,Wolves,Comets"
"6236,214,Blizzard,Bulls"
"6237,214,Hurricanes,Bulls"
"7888,220,Foxes,Sabres"
"7896,220,Tyrants,Puffins"
"7904,220,Comets,Spectre"
"7912,220,Wizards,Eclipse"
"7920,220,Aviators,Hurricanes"
"7928,220,Jets,Hive"
"7936,220,Blizzard,Shadow"
"7944,220,Wolves,Lightning"
"7952,220,Ducks,Pirates"
"7960,220,Sharks,Hawks"
"7968,220,Demolition,Elite"
"7976,220,Flames,Dodgers"
"7984,220,Express,Outlaws"
"7992,220,Spartans,Knights"
"8000,220,Bears,Pandas"
"8008,220,Rhinos,Bulls"
"8016,221,Sabres,Puffins"
"8024,221,Tyrants,Foxes"
"8032,221,Spectre,Eclipse"
"8040,221,Wizards,Comets"
"8048,221,Hurricanes,Hive"
"8056,221,Jets,Aviators"
"8064,221,Shadow,Lightning"
"8072,221,Wolves,Blizzard"
"8080,221,Pirates,Hawks"
"8088,221,Sharks,Ducks"
"8096,221,Elite,Dodgers"
"8104,221,Flames,Demolition"
"8112,221,Outlaws,Knights"
"8120,221,Spartans,Express"
"8128,221,Pandas,Bulls"
"8136,221,Rhinos,Bears"
"8144,222,Puffins,Foxes"
"8152,222,Sabres,Tyrants"
"8160,222,Eclipse,Comets"
"8168,222,Spectre,Wizards"
"8176,222,Hive,Aviators"
"8184,222,Hurricanes,Jets"
"8192,222,Lightning,Blizzard"
"8200,222,Shadow,Wolves"
"8208,222,Hawks,Ducks"
"8216,222,Pirates,Sharks"
"8224,222,Dodgers,Demolition"
"8232,222,Elite,Flames"
"8240,222,Knights,Express"
"8248,222,Outlaws,Spartans"
"8256,222,Bulls,Bears"
"8264,222,Pandas,Rhinos"
"8272,223,Aviators,Blizzard"
"8280,223,Hive,Lightning"
"8288,223,Hurricanes,Shadow"
"8296,223,Jets,Wolves"
"8304,223,Foxes,Comets"
"8312,223,Puffins,Eclipse"
"8320,223,Sabres,Spectre"
"8328,223,Tyrants,Wizards"
"8336,223,Express,Bears"
"8344,223,Knights,Bulls"
"8352,223,Outlaws,Pandas"
"8360,223,Spartans,Rhinos"
"8368,223,Ducks,Demolition"
"8376,223,Hawks,Dodgers"
"8384,223,Pirates,Elite"
"8392,223,Sharks,Flames"
"8400,224,Blizzard,Hive"
"8408,224,Lightning,Hurricanes"
"8416,224,Shadow,Jets"
"8424,224,Wolves,Aviators"
"8432,224,Comets,Puffins"
"8440,224,Eclipse,Sabres"
"8448,224,Spectre,Tyrants"
"8456,224,Wizards,Foxes"
"8464,224,Bears,Knights"
"8472,224,Bulls,Outlaws"
"8480,224,Pandas,Spartans"
"8488,224,Rhinos,Express"
"8496,224,Demolition,Hawks"
"8504,224,Dodgers,Pirates"
"8512,224,Elite,Sharks"
"8520,224,Flames,Ducks"
"8528,225,Aviators,Shadow"
"8536,225,Hive,Wolves"
"8544,225,Hurricanes,Blizzard"
"8552,225,Jets,Lightning"
"8560,225,Foxes,Spectre"
"8568,225,Puffins,Wizards"
"8576,225,Sabres,Comets"
"8584,225,Tyrants,Eclipse"
"8592,225,Express,Pandas"
"8600,225,Knights,Rhinos"
"8608,225,Outlaws,Bears"
"8616,225,Spartans,Bulls"
"8624,225,Ducks,Elite"
"8632,225,Hawks,Flames"
"8640,225,Pirates,Demolition"
"8648,225,Sharks,Dodgers"
"8656,226,Blizzard,Jets"
"8664,226,Lightning,Aviators"
"8672,226,Shadow,Hive"
"8680,226,Wolves,Hurricanes"
"8688,226,Comets,Tyrants"
"8696,226,Eclipse,Foxes"
"8704,226,Spectre,Puffins"
"8712,226,Wizards,Sabres"
"8720,226,Bears,Spartans"
"8728,226,Bulls,Express"
"8736,226,Pandas,Knights"
"8744,226,Rhinos,Outlaws"
"8752,226,Demolition,Sharks"
"8760,226,Dodgers,Ducks"
"8768,226,Elite,Hawks"
"8776,226,Flames,Pirates"
"8784,227,Foxes,Puffins"
"8792,227,Tyrants,Sabres"
"8800,227,Comets,Eclipse"
"8808,227,Wizards,Spectre"
"8816,227,Aviators,Hive"
"8824,227,Jets,Hurricanes"
"8832,227,Blizzard,Lightning"
"8840,227,Wolves,Shadow"
"8848,227,Ducks,Hawks"
"8856,227,Sharks,Pirates"
"8864,227,Demolition,Dodgers"
"8872,227,Flames,Elite"
"8880,227,Express,Knights"
"8888,227,Spartans,Outlaws"
"8896,227,Bears,Bulls"
"8904,227,Rhinos,Pandas"
"8912,228,Foxes,Tyrants"
"8920,228,Puffins,Sabres"
"8928,228,Comets,Wizards"
"8936,228,Eclipse,Spectre"
"8944,228,Aviators,Jets"
"8952,228,Hive,Hurricanes"
"8960,228,Blizzard,Wolves"
"8968,228,Lightning,Shadow"
"8976,228,Ducks,Sharks"
"8984,228,Hawks,Pirates"
"8992,228,Demolition,Flames"
"9000,228,Dodgers,Elite"
"9008,228,Express,Spartans"
"9016,228,Knights,Outlaws"
"9024,228,Bears,Rhinos"
"9032,228,Bulls,Pandas"
"9040,229,Puffins,Tyrants"
"9048,229,Sabres,Foxes"
"9056,229,Eclipse,Wizards"
"9064,229,Spectre,Comets"
"9072,229,Hive,Jets"
"9080,229,Hurricanes,Aviators"
"9088,229,Lightning,Wolves"
"9096,229,Shadow,Blizzard"
"9104,229,Hawks,Sharks"
"9112,229,Pirates,Ducks"
"9120,229,Dodgers,Flames"
"9128,229,Elite,Demolition"
"9136,229,Knights,Spartans"
"9144,229,Outlaws,Express"
"9152,229,Bulls,Rhinos"
"9160,229,Pandas,Bears"
"9209,238,Comets,Wolves"
"9210,238,Express,Elite"
"9211,238,Puffins,Aviators"
"9212,238,Bulls,Sharks"
"9213,238,Jets,Sabres"
"9214,238,Hawks,Pandas"
"9215,238,Shadow,Wizards"
"9216,238,Flames,Bears"
"9217,238,Wizards,Jets"
"9218,238,Bulls,Ducks"
"9219,238,Sabres,Wolves"
"9220,238,Knights,Demolition"
"9221,238,Lightning,Spectre"
"9222,238,Elite,Outlaws"
"9223,238,Hurricanes,Foxes"
"9224,238,Sharks,Pandas"
"9225,238,Puffins,Shadow"
"9226,238,Spartans,Demolition"
"9227,238,Wizards,Wolves"
"9228,238,Bulls,Dodgers"
"9229,238,Lightning,Tyrants"
"9230,238,Flames,Pandas"
"9231,238,Hive,Sabres"
"9232,238,Hawks,Outlaws"
"9233,238,Sabres,Shadow"
"9234,238,Knights,Pirates"
"9235,238,Eclipse,Jets"
"9236,238,Bulls,Elite"
"9237,238,Blizzard,Foxes"
"9238,238,Demolition,Pandas"
"9239,238,Hurricanes,Puffins"
"9240,238,Hawks,Outlaws"
"9241,238,Comets,Aviators"
"9242,238,Bulls,Hawks"
"9243,238,Foxes,Hurricanes"
"9244,238,Knights,Flames"
"9245,238,Jets,Sabres"
"9246,238,Dodgers,Outlaws"
"9247,238,Shadow,Tyrants"
"9248,238,Ducks,Express"
"9249,238,Wizards,Blizzard"
"9250,238,Bears,Sharks"
"9251,238,Sabres,Wolves"
"9252,238,Outlaws,Flames"
"9253,238,Aviators,Foxes"
"9254,238,Dodgers,Bulls"
"9255,238,Lightning,Puffins"
"9256,238,Ducks,Pandas"
"9257,239,Comets,Wizards"
"9258,239,Ducks,Pirates"
"9259,239,Tyrants,Sabres"
"9260,239,Demolition,Sharks"
"9261,239,Comets,Puffins"
"9262,239,Pirates,Dodgers"
"9263,239,Sabres,Wizards"
"9264,239,Demolition,Ducks"
"9265,239,Comets,Wizards"
"9266,239,Express,Bears"
"9267,239,Jets,Aviators"
"9268,239,Hawks,Bulls"
"9269,239,Foxes,Jets"
"9270,239,Bulls,Pandas"
"9271,239,Lightning,Wolves"
"9272,239,Knights,Outlaws"
"9273,239,Puffins,Sabres"
"9274,239,Hawks,Demolition"
"9275,239,Lightning,Wolves"
"9276,239,Flames,Bulls"
"9277,239,Sabres,Hurricanes"
"9278,239,Hawks,Pirates"
"9279,239,Blizzard,Jets"
"9280,239,Demolition,Bulls"
"9281,239,Comets,Shadow"
"9282,239,Bulls,Ducks"
"9283,239,Jets,Hurricanes"
"9284,239,Flames,Outlaws"
"9285,239,Wizards,Lightning"
"9286,239,Ducks,Sharks"
"9287,239,Aviators,Wolves"
"9288,239,Dodgers,Flames"
"9289,239,Shadow,Jets"
"9290,239,Rhinos,Outlaws"
"9291,239,Hurricanes,Hive"
"9292,239,Express,Bulls"
"9293,239,Aviators,Jets"
"9294,239,Pandas,Bulls"
"9295,239,Shadow,Wolves"
"9296,239,Knights,Rhinos"
"9299,240,Comets,Sabres"
"9300,240,Ducks,Sharks"
"9301,240,Wizards,Puffins"
"9302,240,Pirates,Ducks"
"9303,240,Jets,Wizards"
"9304,240,Bulls,Bears"
"9305,240,Lightning,Jets"
"9306,240,Bulls,Outlaws"
"9307,240,Puffins,Lightning"
"9308,240,Flames,Demolition"
"9309,240,Hurricanes,Jets"
"9310,240,Hawks,Bulls"
"9311,240,Jets,Shadow"
"9312,240,Ducks,Outlaws"
"9313,240,Aviators,Lightning"
"9314,240,Dodgers,Ducks"
"9315,240,Hurricanes,Jets"
"9316,240,Rhinos,Bulls"
"9317,240,Aviators,Wolves"
"9318,240,Rhinos,Bulls"
"9319,242,Comets,Ducks"
"9320,242,Pirates,Wizards"
"9321,242,Jets,Bulls"
"9322,242,Bulls,Jets"
"9323,242,Puffins,Flames"
"9324,242,Bulls,Jets"
"9325,242,Ducks,Shadow"
"9326,242,Dodgers,Aviators"
"9327,242,Rhinos,Jets"
"9328,242,Wolves,Bulls"
"9349,292,Foxes,Tyrants"
"9350,292,Puffins,Sabres"
"9351,292,Comets,Wizards"
"9352,292,Eclipse,Spectre"
"9353,292,Aviators,Jets"
"9354,292,Hive,Hurricanes"
"9355,292,Blizzard,Wolves"
"9356,292,Lightning,Shadow"
"9357,292,Ducks,Sharks"
"9358,292,Hawks,Pirates"
"9359,292,Demolition,Flames"
"9360,292,Dodgers,Elite"
"9361,292,Express,Spartans"
"9362,292,Knights,Outlaws"
"9363,292,Bears,Rhinos"
"9364,292,Bulls,Pandas"
"9365,293,Foxes,Puffins"
"9366,293,Tyrants,Sabres"
"9367,293,Comets,Eclipse"
"9368,293,Wizards,Spectre"
"9369,293,Aviators,Hive"
"9370,293,Jets,Hurricanes"
"9371,293,Blizzard,Lightning"
"9372,293,Wolves,Shadow"
"9373,293,Ducks,Hawks"
"9374,293,Sharks,Pirates"
"9375,293,Demolition,Dodgers"
"9376,293,Flames,Elite"
"9377,293,Express,Knights"
"9378,293,Spartans,Outlaws"
"9379,293,Bears,Bulls"
"9380,293,Rhinos,Pandas"
"9381,294,Puffins,Tyrants"
"9382,294,Sabres,Foxes"
"9383,294,Eclipse,Wizards"
"9384,294,Spectre,Comets"
"9385,294,Hive,Jets"
"9386,294,Hurricanes,Aviators"
"9387,294,Lightning,Wolves"
"9388,294,Shadow,Blizzard"
"9389,294,Hawks,Sharks"
"9390,294,Pirates,Ducks"
"9391,294,Dodgers,Flames"
"9392,294,Elite,Demolition"
"9393,294,Knights,Spartans"
"9394,294,Outlaws,Express"
"9395,294,Bulls,Rhinos"
"9396,294,Pandas,Bears"
"9397,295,Aviators,Wolves"
"9398,295,Hive,Blizzard"
"9399,295,Hurricanes,Lightning"
"9400,295,Jets,Shadow"
"9401,295,Foxes,Wizards"
"9402,295,Puffins,Comets"
"9403,295,Sabres,Eclipse"
"9404,295,Tyrants,Spectre"
"9405,295,Express,Rhinos"
"9406,295,Knights,Bears"
"9407,295,Outlaws,Bulls"
"9408,295,Spartans,Pandas"
"9409,295,Ducks,Flames"
"9410,295,Hawks,Demolition"
"9411,295,Pirates,Dodgers"
"9412,295,Sharks,Elite"
"9413,296,Blizzard,Hurricanes"
"9414,296,Lightning,Jets"
"9415,296,Shadow,Aviators"
"9416,296,Wolves,Hive"
"9417,296,Comets,Sabres"
"9418,296,Eclipse,Tyrants"
"9419,296,Spectre,Foxes"
"9420,296,Wizards,Puffins"
"9421,296,Bears,Outlaws"
"9422,296,Bulls,Spartans"
"9423,296,Pandas,Express"
"9424,296,Rhinos,Knights"
"9425,296,Demolition,Pirates"
"9426,296,Dodgers,Sharks"
"9427,296,Elite,Ducks"
"9428,296,Flames,Hawks"
"9429,297,Aviators,Lightning"
"9430,297,Hive,Shadow"
"9431,297,Hurricanes,Wolves"
"9432,297,Jets,Blizzard"
"9433,297,Foxes,Eclipse"
"9434,297,Puffins,Spectre"
"9435,297,Sabres,Wizards"
"9436,297,Tyrants,Comets"
"9437,297,Express,Bulls"
"9438,297,Knights,Pandas"
"9439,297,Outlaws,Rhinos"
"9440,297,Spartans,Bears"
"9441,297,Ducks,Dodgers"
"9442,297,Hawks,Elite"
"9443,297,Pirates,Flames"
"9444,297,Sharks,Demolition"
"9445,298,Blizzard,Aviators"
"9446,298,Lightning,Hive"
"9447,298,Shadow,Hurricanes"
"9448,298,Wolves,Jets"
"9449,298,Comets,Foxes"
"9450,298,Eclipse,Puffins"
"9451,298,Spectre,Sabres"
"9452,298,Wizards,Tyrants"
"9453,298,Bears,Express"
"9454,298,Bulls,Knights"
"9455,298,Pandas,Outlaws"
"9456,298,Rhinos,Spartans"
"9457,298,Demolition,Ducks"
"9458,298,Dodgers,Hawks"
"9459,298,Elite,Pirates"
"9460,298,Flames,Sharks"
"9461,299,Foxes,Sabres"
"9462,299,Tyrants,Puffins"
"9463,299,Comets,Spectre"
"9464,299,Wizards,Eclipse"
"9465,299,Aviators,Hurricanes"
"9466,299,Jets,Hive"
"9467,299,Blizzard,Shadow"
"9468,299,Wolves,Lightning"
"9469,299,Ducks,Pirates"
"9470,299,Sharks,Hawks"
"9471,299,Demolition,Elite"
"9472,299,Flames,Dodgers"
"9473,299,Express,Outlaws"
"9474,299,Spartans,Knights"
"9475,299,Bears,Pandas"
"9476,299,Rhinos,Bulls"
"9477,300,Puffins,Foxes"
"9478,300,Sabres,Tyrants"
"9479,300,Eclipse,Comets"
"9480,300,Spectre,Wizards"
"9481,300,Hive,Aviators"
"9482,300,Hurricanes,Jets"
"9483,300,Lightning,Blizzard"
"9484,300,Shadow,Wolves"
"9485,300,Hawks,Ducks"
"9486,300,Pirates,Sharks"
"9487,300,Dodgers,Demolition"
"9488,300,Elite,Flames"
"9489,300,Knights,Express"
"9490,300,Outlaws,Spartans"
"9491,300,Bulls,Bears"
"9492,300,Pandas,Rhinos"
"9493,301,Sabres,Puffins"
"9494,301,Tyrants,Foxes"
"9495,301,Spectre,Eclipse"
"9496,301,Wizards,Comets"
"9497,301,Hurricanes,Hive"
"9498,301,Jets,Aviators"
"9499,301,Shadow,Lightning"
"9500,301,Wolves,Blizzard"
"9501,301,Pirates,Hawks"
"9502,301,Sharks,Ducks"
"9503,301,Elite,Dodgers"
"9504,301,Flames,Demolition"
"9505,301,Outlaws,Knights"
"9506,301,Spartans,Express"
"9507,301,Pandas,Bulls"
"9508,301,Rhinos,Bears"
"9519,303,Tyrants,Lightning"
"9520,303,Wizards,Blizzard"
"9521,303,Shadow,Puffins"
"9522,303,Hurricanes,Spectre"
"9523,303,Bears,Flames"
"9524,303,Knights,Elite"
"9525,303,Demolition,Express"
"9526,303,Ducks,Bulls"
"9527,303,Comets,Aviators"
"9528,303,Sabres,Hurricanes"
"9529,303,Lightning,Foxes"
"9530,303,Jets,Spectre"
"9531,303,Pandas,Ducks"
"9532,303,Knights,Flames"
"9533,303,Sharks,Bears"
"9534,303,Dodgers,Bulls"
"9535,303,Tyrants,Hurricanes"
"9536,303,Wizards,Jets"
"9537,303,Blizzard,Spectre"
"9538,303,Aviators,Puffins"
"9539,303,Bears,Ducks"
"9540,303,Outlaws,Elite"
"9541,303,Sharks,Knights"
"9542,303,Flames,Bulls"
"9543,303,Puffins,Hive"
"9544,303,Eclipse,Wolves"
"9545,303,Blizzard,Tyrants"
"9546,303,Jets,Sabres"
"9547,303,Bulls,Dodgers"
"9548,303,Spartans,Demolition"
"9549,303,Flames,Bears"
"9550,303,Hawks,Rhinos"
"9551,303,Wizards,Hurricanes"
"9552,303,Tyrants,Shadow"
"9553,303,Jets,Puffins"
"9554,303,Blizzard,Spectre"
"9555,303,Bulls,Pirates"
"9556,303,Knights,Hawks"
"9557,303,Ducks,Bears"
"9558,303,Flames,Pandas"
"9559,303,Tyrants,Wolves"
"9560,303,Spectre,Lightning"
"9561,303,Hurricanes,Comets"
"9562,303,Shadow,Wizards"
"9563,303,Spartans,Flames"
"9564,303,Bulls,Pirates"
"9565,303,Ducks,Pandas"
"9566,303,Demolition,Knights"
"9606,304,Eclipse,Comets"
"9607,304,Foxes,Spectre"
"9608,304,Demolition,Sharks"
"9609,304,Hawks,Flames"
"9610,304,Comets,Foxes"
"9611,304,Sabres,Spectre"
"9612,304,Pirates,Flames"
"9613,304,Demolition,Hawks"
"9614,304,Tyrants,Hurricanes"
"9615,304,Wizards,Puffins"
"9616,304,Bulls,Flames"
"9617,304,Demolition,Knights"
"9618,304,Comets,Spectre"
"9619,304,Lightning,Sabres"
"9620,304,Pandas,Bulls"
"9621,304,Bears,Knights"
"9622,304,Tyrants,Aviators"
"9623,304,Blizzard,Wizards"
"9624,304,Bears,Flames"
"9625,304,Sharks,Outlaws"
"9626,304,Puffins,Jets"
"9627,304,Blizzard,Wolves"
"9628,304,Hawks,Dodgers"
"9629,304,Flames,Demolition"
"9630,304,Wizards,Blizzard"
"9631,304,Tyrants,Puffins"
"9632,304,Bulls,Flames"
"9633,304,Ducks,Knights"
"9634,304,Tyrants,Wizards"
"9635,304,Hurricanes,Spectre"
"9636,304,Spartans,Demolition"
"9637,304,Ducks,Bulls"
"9638,304,Aviators,Lightning"
"9639,304,Wolves,Hurricanes"
"9640,304,Rhinos,Pandas"
"9641,304,Express,Bulls"
"9642,304,Hurricanes,Shadow"
"9643,304,Lightning,Aviators"
"9644,304,Rhinos,Bears"
"9645,304,Spartans,Outlaws"
"9646,305,Spectre,Comets"
"9647,305,Flames,Sharks"
"9648,305,Sabres,Foxes"
"9649,305,Hawks,Flames"
"9650,305,Hurricanes,Puffins"
"9651,305,Demolition,Bulls"
"9652,305,Spectre,Sabres"
"9653,305,Knights,Bulls"
"9654,305,Blizzard,Tyrants"
"9655,305,Flames,Outlaws"
"9656,305,Blizzard,Puffins"
"9657,305,Flames,Dodgers"
"9658,305,Blizzard,Tyrants"
"9659,305,Bulls,Ducks"
"9660,305,Hurricanes,Wizards"
"9661,305,Spartans,Ducks"
"9662,305,Aviators,Wolves"
"9663,305,Rhinos,Bulls"
"9664,305,Lightning,Shadow"
"9665,305,Spartans,Bears"
"9670,306,Spectre,Flames"
"9671,306,Foxes,Flames"
"9672,306,Demolition,Hurricanes"
"9673,306,Sabres,Bulls"
"9674,306,Tyrants,Flames"
"9675,306,Puffins,Flames"
"9676,306,Tyrants,Ducks"
"9677,306,Wizards,Ducks"
"9678,306,Wolves,Bulls"
"9679,306,Shadow,Spartans"
